moa,n,drugs
(no Hub annotation),29,"AS-605240, Potassium-Dichromate, Dcv-Gsh, EMF-csc-9, Zaleplon, Dfcl-Cys"
TGF beta receptor inhibitor,3,"LY-2157299, LY-2109761, SD-208"
phosphodiesterase inhibitor,3,"MMPX, Sildenafil, Rolipram"
glucocorticoid receptor agonist,3,"Dexamethasone, Prednisone, Hydrocortisone"
adrenergic receptor antagonist,3,"Urapidil, Moxisylyte, Metoprolol"
cyclooxygenase inhibitor,3,"Tenoxicam, Naproxen, Piroxicam"
bacterial cell wall synthesis inhibitor,2,"Aztreonam, Etanidazole"
calcium channel blocker,2,"Isradipine, HA-1004"
estrogen receptor agonist,2,"Equol, Estriol"
serotonin receptor antagonist,2,"Ondansetron, Idalopirdine"
integrin antagonist,2,"CT-7758, ATN-161"
sodium channel blocker,2,"Lupanine, Ambroxol"
acetylcholine receptor antagonist,2,"Glycopyrrolate, Scopolamine"
histamine receptor antagonist,2,"Famotidine, Doxylamine"
gamma secretase inhibitor,2,"Semagacestat, Avagacestat"
immunostimulant,1,Metenkephalin
hypoxia inducible factor inhibitor,1,IOX2
insulin sensitizer,1,Metformin
monoacylglucerol lipase inhibitor,1,JZL-184
hepatocyte growth factor receptor inhibitor,1,SGX-523
Bcr-Abl kinase inhibitor|FLT3 inhibitor|PDGFR tyrosine kinase receptor inhibitor,1,Ponatinib
ion channel antagonist,1,Erastin
local anesthetic,1,Meprylcaine
matrix metalloprotease inhibitor,1,Ilomastat
melatonin receptor agonist,1,8-M-PDOT
D-amino acid oxidase Inhibitor,1,SEP-227900
opioid receptor agonist,1,Salvinorin-A
neurotrophic agent,1,PYM-50028
opioid receptor antagonist,1,Naloxone
p38 MAPK inhibitor,1,SB-202190
Bcr-Abl kinase inhibitor,1,GZD-824
rho associated kinase inhibitor,1,Y-27632
smoothened receptor antagonist,1,Taladegib
somatostatin receptor agonist,1,Pasireotide
sterol demethylase inhibitor,1,Fluconazole
sulfonylurea,1,Gliquidone
thromboxane receptor antagonist|thromboxane synthase inhibitor,1,Picotamide
thyroid hormone stimulant,1,Levothyroxine
troponin activator,1,Tirasemtiv
tumor necrosis factor production inhibitor,1,Thalidomide
vasopressin receptor antagonist,1,Tolvaptan
vitamin K antagonist,1,Coumarin
fungal squalene epoxidase inhibitor,1,Terbinafine
dopamine reuptake inhibitor,1,Bupropion
elastase inhibitor,1,AZD-9668
MAP kinase inhibitor,1,TC-S-7006
SYK inhibitor,1,Fostamatinib
SIRT inhibitor,1,EX-527
RET tyrosine kinase inhibitor|VEGFR inhibitor,1,Cabozantinib
N-type calcium channel blocker,1,Z160
MRP inhibitor|P glycoprotein inhibitor,1,Dofequidar
MEK inhibitor,1,PD-98059
L3MBTL antagonist,1,UNC-1215
DNA alkylating agent,1,Temozolomide
HMGCR inhibitor,1,Lovastatin
HIV protease inhibitor,1,Efavirenz
GABA benzodiazepine site receptor inverse agonist,1,FG-7142
FAAH inhibitor,1,PF-04457845
EGFR inhibitor,1,Afatinib
DNA polymerase inhibitor,1,Famciclovir
CC chemokine receptor antagonist,1,Maraviroc
TGF beta receptor inhibitor|p38 MAPK inhibitor,1,LY-364947
acetylcholine receptor agonist,1,Levamisole
adenosine receptor antagonist,1,Etofylline
adrenergic receptor agonist|imidazoline receptor agonist,1,Rilmenidine
Bruton's tyrosine kinase (BTK) inhibitor,1,Ibrutinib
androgen biosynthesis inhibitor|androgen receptor antagonist|cytochrome P450 inhibitor,1,Orteronel
antacid,1,Sodium-Gualenate
apoptosis stimulant,1,Arsenic-Trioxide
aromatase inhibitor,1,Letrozole
bone morphogenic protein inhibitor,1,K-02288
calpain inhibitor,1,Calpeptin
carbonic anhydrase inhibitor,1,Methazolamide
cholinesterase inhibitor,1,Mestinon
Aurora kinase inhibitor|Bcr-Abl kinase inhibitor|FLT3 inhibitor|JAK inhibitor,1,Tozasertib
dipeptidyl peptidase inhibitor,1,Saxagliptin
dopamine receptor antagonist,1,Nemonapride
xanthine oxidase inhibitor,1,Allopurinol
