config,spearman_vs_run1,top50_jaccard
N50_w0.5_fisher,0.9088541899443361,0.5625
N50_w0.7_fisher,0.9797711526428262,0.6949152542372882
N50_w0.9_fisher,0.9622098945043259,0.4925373134328358
N50_w1.0_fisher,0.9375870237264109,0.19047619047619047
N50_w0.5_fraction,0.9041785374200838,0.5151515151515151
N50_w0.7_fraction,0.9734877085666114,0.5625
N50_w0.9_fraction,0.9564169787848089,0.42857142857142855
N50_w1.0_fraction,0.9318645378259909,0.16279069767441862
N100_w0.5_fisher,0.9262517646119179,0.6949152542372882
N100_w0.7_fisher,0.9921458990104209,0.8181818181818182
N100_w0.9_fisher,0.9659171520136637,0.5625
N100_w1.0_fisher,0.9375870237264109,0.19047619047619047
N100_w0.5_fraction,0.9208710864675004,0.6949152542372882
N100_w0.7_fraction,0.9854019186647581,0.6666666666666666
N100_w0.9_fraction,0.959886882987288,0.5151515151515151
N100_w1.0_fraction,0.9318645378259909,0.19047619047619047
N150_w0.5_fisher,0.9459606419872258,0.7543859649122807
N150_w0.7_fisher,1.0,1.0
N150_w0.9_fisher,0.9679371227312534,0.5151515151515151
N150_w1.0_fisher,0.9375870237264109,0.19047619047619047
N150_w0.5_fraction,0.9367745610548246,0.6949152542372882
N150_w0.7_fraction,0.9916932628488592,0.6666666666666666
N150_w0.9_fraction,0.9614065823212831,0.4925373134328358
N150_w1.0_fraction,0.9318645378259909,0.17647058823529413
N250_w0.5_fisher,0.9333541800863812,0.7543859649122807
N250_w0.7_fisher,0.993499685893335,0.8867924528301887
N250_w0.9_fisher,0.9660898914637602,0.5151515151515151
N250_w1.0_fisher,0.9375870237264109,0.19047619047619047
N250_w0.5_fraction,0.9258237923732315,0.6666666666666666
N250_w0.7_fraction,0.985994442225917,0.639344262295082
N250_w0.9_fraction,0.959825829955637,0.5151515151515151
N250_w1.0_fraction,0.9318645378259909,0.17647058823529413
